"","num_of_experts","num_of_rounds","icc_subsample_with_full"
"1",1,1,0.669261763299872
"2",1,2,0.741445911063106
"3",1,3,0.739855229345708
"4",2,1,0.80853624428982
"5",2,2,0.914243295182885
"6",2,3,0.923562431096835
"7",3,1,0.943296517465518
"8",3,2,0.969017674732443
"9",3,3,0.95745628988517
"10",4,1,0.907457138366714
"11",4,2,0.974355018950773
"12",4,3,0.986114539722091
"13",5,1,0.946513361849076
"14",5,2,0.9907797472379
"15",5,3,0.999999999999999
