"","GS_round","interobserver_ICC"
"1",1,0.466880653632915
"2",2,0.43291215403129
"3",3,0.424566929133857
