"","Worker_id","ICC"
"1","DW",0.646341463414634
"2","RD",0.485922836287798
"3","AS",0.813384813384814
"4","HE",0.833333333333334
"5","Wali",0.582460732984291
